Land / Territorium,Landcode,Verzendzones,Ontvangstzones,,,,,,,,,,,,,
"",,,,,,,,,,,,,,,,
A,,,,,,,,,,,,,,,,
Afghanistan,AF,,,,10,,5,,,9,9,9,,,,
Albanië,AL,,7,7,7,,102,,,7,7,7,,,,
Algerije,DZ,,,11,11,,6,,,10,10,10,,,,
Amerikaanse Maagdeneilanden,VI,,,,10,,5,,,10,10,10,,,,
Andorra,AD,,,6,6,7,,,,,,,,,,
Angola,AO,,,,11,,6,,,10,10,10,,,,
Anguilla,AI,,,,10,,5,,,9,9,9,,,,
Antigua en Barbuda,AG,,,,10,,5,,,9,9,9,,,,
Argentinië,AR,+,,10,10,,5,10,,10,10,10,,5,10,10
Armenië,AM,,10,10,10,,5,,,7,7,7,,,,
Aruba,AW,,,,10,,5,,,9,9,9,,,,
Australië,AU,+,9,9,9,,5,9,9,10,10,10,,5,10,10
Azerbeidzjan,AZ,,,,10,,5,,,10,10,10,,,,
Azoren,PT,+,,,5,,,5,,,,5,,,4,4
B,,,,,,,,,,,,,,,,
Bahama's,BS,+,,10,10,,5,,,9,9,9,,,,
Bahrein,BH,,9,9,9,,4,9,,10,10,10,,5,10,10
Bangladesh,BD,+,,,10,,5,10,,10,10,10,,,10,10
Barbados,BB,,,10,10,,5,,,9,9,9,,,,
Barbuda (Antigua),AG,,,,10,,5,,,9,9,9,,,,
Belarus (Wit-Rusland),BY,+,7,7,7,,102,,,7,7,7,,,,
België,BE,,2,2,2,2,,2,2,2,2,2,2,,2,2
Belize,BZ,,,,10,,5,,,,,,,,,
Benin,BJ,,,,11,,6,,,10,10,10,,,,
Bermuda,BM,,,10,10,,5,,,9,9,9,,,,
Bhutan,BT,,,10,10,,5,,,10,10,10,,,,
Bolivia,BO,,,10,10,,5,,,10,10,10,,,,
Bonaire,BQ,,,,10,,5,,,9,9,9,,,,
Bosnië-Herzegovina,BA,,7,7,7,,102,,,7,7,7,,,,
Botswana,BW,,,,11,,6,,,10,10,10,,,,
Brazilië,BR,+,10,10,10,,5,10,,10,10,10,,5,10,10
Britse Maagdeneilanden,VG,,,,10,,5,,,9,9,9,,,,
Brunei,BN,+,,10,10,,5,,,10,10,10,,,,
Bulgarije,BG,,52,52,52,61,,,,52,52,52,41,,52,52
Burkina Faso,BF,,,,11,,6,,,10,10,10,,,,
Burundi,BI,,,,11,,6,,,10,10,10,,,,
C,,,,,,,,,,,,,,,,
Cambodja,KH,+,,10,10,,5,,,10,10,10,,,,
Canada,CA,+,8,8,8,,3,8,8,8,8,8,,3,8,8
Canarische Eilanden,IC,+,,,6,,,,,,6,6,,,,
Caymaneilanden,KY,,,,10,,5,,,9,9,9,,,,
Centraal-Afrikaanse Republiek,CF,,,,11,,6,,,,,,,,,
Ceuta,ES,+,,,6,,,,,,,,,,,
Chili,CL,+,,10,10,,5,10,10,10,10,10,,5,10,10
"China, Volksrepubliek",CN,+,9,9,9,,5,9,,10,10,10,,5,10,10
Colombia,CO,+,,10,10,,5,10,,10,10,10,,5,10,10
Comoren,KM,,,,11,,6,,,10,10,10,,,,
Congo (Brazzaville),CG,,,,11,,6,,,10,10,10,,,,
"Congo, Democratische Republiekvan",CD,,,,11,,6,,,10,10,10,,,,
Cookeilanden,CK,,,,10,,5,,,,,,,,,
Land / Territorium,Landcode,Verzendzones,Ontvangstzones,,,,,,,,,,,,,
"",,,,,,,,,,,,,,,,
Guam,GU,,,,10,,5,,,10,10,10,,,,
Guatemala,GT,+,,10,10,,3,10,,10,10,10,,5,10,10
Guinee,GN,,,,11,,6,,,10,10,10,,,,
Guinee-Bissau,GW,,,,11,,6,,,10,10,10,,,,
Guyana,GY,+,,,10,,5,,,10,10,10,,,,
H,,,,,,,,,,,,,,,,
Haïti,HT,+,,,10,,5,,,8,8,8,,3,,
Honduras,HN,+,,10,10,,3,10,,10,10,10,,5,10,10
Hongarije,HU,+,51,51,51,61,,51,51,51,51,51,41,,51,51
Hongkong,HK,,9,9,9,,4,9,9,9,9,9,,4,9,9
I,,,,,,,,,,,,,,,,
"Ierland, Republiek",IE,,5,5,5,6,,5,5,3,3,3,4,,3,3
IJsland,IS,,,7,7,,102,,,7,7,7,,,,
India,IN,+,9,9,9,,4,9,9,9,9,9,,4,9,9
Indonesië,ID,+,9,9,9,,4,9,,10,10,10,,5,10,10
Irak,IQ,+,,,9,,4,,,10,10,10,,5,,
Israël,IL,,,9,9,,4,9,9,9,9,9,,4,9,9
Italië,IT,+,4,4,4,5,,4,4,4,4,4,4,,4,4
Ivoorkust (Côte d’Ivoire),CI,,,,11,,6,,,10,10,10,,,,
J,,,,,,,,,,,,,,,,
Jamaica,JM,+,,10,10,,5,,,8,8,8,,,,
Japan,JP,+,,9,9,,5,9,9,10,10,10,,5,10,10
"Jemen, Republiek",YE,,,,,,,,,10,10,10,,,,
Jordanië,JO,,,9,9,,4,9,,10,10,10,,,10,10
K,,,,,,,,,,,,,,,,
Kaapverdische Eilanden,CV,,,,11,,6,,,10,10,10,,,,
Kameroen,CM,,,,11,,6,,,10,10,10,,,,
Kanaaleilanden (Guernsey),GG,,,6,6,7,,,,6,6,6,5,,,
Kanaaleilanden (Jersey),JE,,,6,6,7,,,,6,6,6,5,,,
Kazachstan,KZ,+,,10,10,,5,,,10,10,10,,5,,
Kenia,KE,,,11,11,,6,,,10,10,10,,5,,
Kirgizstan,KG,,,10,10,,5,,,10,10,10,,,,
Kiribati,KI,,,,10,,5,,,,,,,,,
Koeweit,KW,,9,9,9,,4,9,,10,10,10,,5,,
"Korea, Zuid",KR,,,,9,,4,9,9,10,10,10,,5,10,10
Kosovo,KV,,7,7,7,,102,,,7,7,7,,,,
"Kosrae (Micronesia, Federale Statenvan)",FM,,,,10,,5,,,,,,,,,
Kroatië,HR,+,,51,51,61,,,,51,51,51,41,,,
L,,,,,,,,,,,,,,,,
Laos,LA,,,10,10,,5,,,10,10,10,,,,
Lesotho,LS,,,,11,,6,,,10,10,10,,,,
Letland,LV,,,52,52,61,,,,52,52,52,41,,52,52
Libanon,LB,,,11,11,,6,11,,10,10,10,,,10,10
Liberia,LR,,,,11,,6,,,10,10,10,,,,
Libië,LY,,,,,,,,,10,10,10,,,,
Liechtenstein,LI,,,61,61,7,,61,,6,6,6,5,,6,6
Litouwen,LT,,,52,52,61,,,,52,52,52,41,,52,52
Luxemburg,LU,,3,3,3,2,,3,,2,2,2,2,,2,2
M,,,,,,,,,,,,,,,,
Macau,MO,,,9,9,,4,,,10,10,10,,5,,
Macedonië (FYROM),MK,,7,7,7,,102,,,7,7,7,,,,
Madagaskar,MG,,,,11,,6,,,10,10,10,,,,
Madeira,PT,+,,,5,,,,,,,5,,,4,4
Malawi,MW,,,11,11,,6,,,10,10,10,,,,
Land / Territorium,Landcode,Verzendzones,Ontvangstzones,,,,,,,,,,,,,
"",,,,,,,,,,,,,,,,
Costa Rica,CR,+,,10,10,,5,10,10,10,10,10,,5,10,10
Côte d’Ivoire (Ivoorkust),CI,,,,11,,6,,,10,10,10,,,,
Curaçao,CW,,,,10,,5,,,9,9,9,,,,
Cyprus,CY,,52,52,52,,,,,52,52,52,,,,
D,,,,,,,,,,,,,,,,
Denemarken,DK,+,4,4,4,5,,4,4,5,5,5,4,,5,5
Djibouti,DJ,,,,11,,6,,,10,10,10,,,,
Dominica,DM,,,,10,,5,,,9,9,9,,,,
Dominicaanse Republiek,DO,+,,10,10,,5,10,,8,8,8,,3,8,8
"Duitsland Andere diensten:20000 - 38999, 40000 - 65999",DE,+,,3,3,2,,3,3,,3,3,3,,3,3
"Duitsland Andere diensten(Overige bestemmingen)",DE,+,,4,4,3,,4,4,,3,3,3,,3,3
"DuitslandExpress Plus services Postcodes20000 - 67999, 68721, 74819",DE,+,3,,,,,,,3,,,,,,
"Duitsland Express Plus(Overige bestemmingen)",DE,+,4,,,,,,,3,,,,,,
E,,,,,,,,,,,,,,,,
Ecuador,EC,+,,10,10,,5,10,,10,10,10,,5,10,10
Egypte,EG,,,9,9,,4,,,10,10,10,,5,,
El Salvador,SV,+,,,10,,3,10,,10,10,10,,5,10,10
Engeland,GB,+,703,703,703,704,,3,3,783,753,753,754,,3,3
Eritrea,ER,,,,11,,6,,,10,10,10,,,,
Estland,EE,,,52,52,61,,,,52,52,52,41,,,
Ethiopië,ET,,,,11,,6,,,10,10,10,,,,
F,,,,,,,,,,,,,,,,
Faeröer Eilanden,FO,,,,7,,102,,,,,,,,,
Fiji,FJ,,,10,10,,5,,,10,10,10,,,,
Filippijnen,PH,+,9,9,9,,4,9,,9,9,9,,4,9,9
Finland,FI,+,5,5,5,6,,5,5,5,5,5,4,,5,5
"FrankrijkVoor de genoemde gebiedenPostcodes02000 - 02999, 08000 - 0899910000 - 10999, 27000 - 2899945000 - 45999, 51000 - 5299954000 - 55999, 57000 - 5799959000 - 60999, 62000 - 6299967000 - 68999, 75000 - 7899980000 - 80999, 88000 - 95999(bovenstaande omvat alle adressen inLille (Rijsel), Nancy, Orleans, Parijs,Reims, Rouen en Straatsburg",FR,+,3,3,3,4,,3,3,4,4,4,3,,4,4
Frankrijk (Overige bestemmingen),FR,+,4,4,4,5,,4,4,4,4,4,3,,4,4
Frans-Guyana,GF,,,10,10,,5,,,,,,,,,
Frans-Polynesië,PF,,,,10,,5,,,10,10,10,,,,
G,,,,,,,,,,,,,,,,
Gabon,GA,,,,11,,6,,,10,10,10,,,,
Gambia,GM,,,11,11,,6,,,10,10,10,,,,
Gaza / Westelijke Jordaanoever,PS,,,,9,,4,9,,9,9,9,,4,9,9
Georgië,GE,+,10,10,10,,5,,,10,10,10,,,,
Ghana,GH,,,,11,,6,,,10,10,10,,,,
Gibraltar,GI,,,,7,,102,,,7,7,7,,,,
Grenada,GD,,,,10,,5,,,9,9,9,,,,
Griekenland,GR,+,,5,5,61,,5,5,4,4,4,41,4,4,
Groenland,GL,,,,7,,102,,,,,,,,,
Guadeloupe,GP,+,,10,10,,5,,,9,9,9,,,,
Land / Territorium,Landcode,Verzendzones,Ontvangstzones,,,,,,,,,,,,,
"",,,,,,,,,,,,,,,,
Malediven,MV,,,10,10,,5,,,,,10,,5,,
Maleisië,MY,+,,9,9,,4,9,9,9,9,9,,4,9,9
Mali,ML,,,,11,,6,,,10,10,10,,,,
Malta,MT,,,52,52,,,52,,52,52,52,,,52,52
Marokko,MA,,,11,11,,6,11,,10,10,10,,5,10,10
Marshalleilanden,MH,,,,10,,5,,,,,,,,,
Martinique,MQ,,,,10,,5,,,9,9,9,,,,
Mauretanië,MR,,,11,11,,6,,,10,10,10,,,,
Mauritius,MU,,,11,11,,6,,,10,10,10,,,,
Mayotte,YT,,,,11,,6,,,10,10,10,,,,
Melilla,ES,+,,,6,,,,,,,,,,,
Mexico,MX,+,8,8,8,,3,8,8,8,8,8,,3,8,8
"Micronesia, Federale Staten van",FM,,,10,10,,5,,,,,,,,,
Moldavië,MD,+,7,7,7,,102,,,7,7,7,,,,
Monaco,MC,,,4,4,5,,4,,4,4,4,3,,4,4
Mongolië,MN,,,,9,,4,,,10,10,10,,,,
Montenegro,ME,,7,7,7,,102,,,7,7,7,,,,
Montserrat,MS,,,,10,,5,,,9,9,9,,,,
Mozambique,MZ,,,,11,,6,,,10,10,10,,,,
Myanmar,MM,,,10,10,,5,,,,10,10,,5,,
N,,,,,,,,,,,,,,,,
Namibië,NA,,,11,11,,6,,,10,10,10,,,,
Nederland,NL,+,1,1,1,1,,,,1,1,1,1,,,
Nepal,NP,+,,10,10,,5,,,10,10,10,,,,
Nevis (St. Kitts),KN,,,10,10,,5,,,9,9,9,,4,,
Nicaragua,NI,,,,10,,3,10,,10,10,10,,5,10,10
Nieuw-Caledonië,NC,,,10,10,,5,,,10,10,10,,,,
Nieuw-Zeeland,NZ,+,,9,9,,5,9,,10,10,10,,5,10,10
Niger,NE,,,11,11,,6,,,10,10,10,,,,
Nigeria,NG,+,10,10,10,,5,,,10,10,10,,5,,
Noordelijke Marianen Eilanden,MP,+,,,10,,5,,,10,10,10,,,,
Noord-Ierland,GB,,,,5,6,,5,5,3,3,3,4,,3,3
Noorwegen,NO,+,61,61,61,7,,61,,6,6,6,5,,6,6
O,,,,,,,,,,,,,,,,
Oeganda,UG,,,,11,,6,,,10,10,10,,,,
Oekraïne,UA,+,7,7,7,,102,,,7,7,7,,,,
Oezbekistan,UZ,,,,10,,5,,,10,10,10,,,,
Oman,OM,,,9,9,,4,9,,10,10,10,,5,10,10
Oost Timor,TL,,,,10,,5,,,,,,,,,
Oostenrijk,AT,+,5,5,5,6,,5,5,4,4,4,3,,4,4
P,,,,,,,,,,,,,,,,
Pakistan,PK,+,,10,10,,5,10,,9,9,9,,4,9,9
Palau,PW,,,,10,,5,,,,,,,,,
Panama,PA,+,,10,10,,5,10,,10,10,10,,5,10,10
Papoea-Nieuw-Guinea,PG,,,10,10,,5,,,,,,,,,
Paraguay,PY,,,,10,,5,,,10,10,10,,,,
Peru,PE,+,,10,10,,5,,,10,10,10,,5,,
Polen,PL,+,51,51,51,51,,51,51,51,51,51,41,,51,51
Land / Territorium,Landcode,Verzendzones,Ontvangstzones,,,,,,,,,,,,,
"",,,,,,,,,,,,,,,,
T,,,,,,,,,,,,,,,,
Tadzjikistan,TJ,+,,,10,,5,,,,,,,,,
Tahiti (Frans Polynesië),PF,,,10,10,,5,,,10,10,10,,,,
Taiwan,TW,+,,9,9,,4,9,9,10,10,10,,5,10,10
Tanzania,TZ,,,,11,,6,,,10,10,10,,,,
Thailand,TH,+,9,9,9,,4,9,9,9,9,9,,4,9,9
"Tinian (Noordelijke MarianenEilanden)",MP,+,,,10,,5,,,10,10,10,,,,
Togo,TG,,,,11,,6,,,10,10,10,,,,
Tonga,TO,,,,10,,5,,,,,,,,,
Tortola (Britse Maagdeneilanden),VG,,,,10,,5,,,9,9,9,,,,
Trinidad en Tobago,TT,+,,10,10,,5,,,9,9,9,,,,
"Truk (Micronesia, Federale Staten van)",FM,,,,10,,5,,,,,,,,,
Tsjaad,TD,,,,11,,6,,,10,10,10,,,,
Tsjechië,CZ,+,51,51,51,51,,51,51,51,51,51,41,,51,51
Tunesië,TN,,,11,11,,6,11,,10,10,10,,,10,10
Turkije,TR,,6,6,6,,1,6,6,7,7,7,,2,7,7
Turkmenistan,TM,,,,,,5,,,,,10,,,,
Turks- en Caicoseilanden,TC,,,,10,,5,,,9,9,9,,,,
Tuvalu,TV,,,,10,,5,,,,,,,,,
U,,,,,,,,,,,,,,,,
"Union-eiland (St. Vincent en deGrenadines)",VC,,,,10,,5,,,9,9,9,,,,
Uruguay,UY,,,,10,,5,,,10,10,10,,,,
V,,,,,,,,,,,,,,,,
Vanuatu,VU,,,10,10,,5,,,,,,,,,
Venezuela,VE,+,,,10,,5,,,10,10,10,,5,,
Verenigd Koninkrijk,GB,+,,,,,,,,,,,,,,
"- Engeland",GB,+,703,703,703,704,,3,3,783,753,753,754,,3,3
"- Noord-Ierland",GB,,,,5,6,,5,5,3,3,3,4,,3,3
"- Schotland",GB,+,,703,703,704,,3,3,783,753,753,754,,3,3
"- Wales",GB,,,703,703,704,,3,3,783,753,753,754,,3,3
Verenigde Arabische Emiraten,AE,,9,9,9,,4,9,9,9,9,9,,4,9,9
Verenigde Staten,US,+,8,8,8,,2,8,8,8,8,8,,3,8,8
Vietnam,VN,+,9,9,9,,4,9,,10,10,10,,5,10,10
"Virgin Gorda (BritseMaagdeneilanden)",VG,,,,10,,5,,,9,9,9,,,,
W,,,,,,,,,,,,,,,,
Wales,GB,,,703,703,704,,3,3,783,753,753,754,,3,3
Wallis en Futuna Eilanden,WF,,,10,10,,5,,,,,,,,,
Westelijke Jordaanoever / Gaza,PS,,,,9,,4,9,,9,9,9,,4,9,9
Y,,,,,,,,,,,,,,,,
"Yap (Micronesia, Federale Staten van)",FM,,,,10,,5,,,,,,,,,
Z,,,,,,,,,,,,,,,,
Zambia,ZM,,,,11,,6,,,10,10,10,,,,
Zimbabwe,ZW,,,,11,,6,,,10,10,10,,,,
Zuid-Afrika,ZA,+,10,10,10,,5,10,,10,10,10,,5,10,10
Zweden,SE,+,5,5,5,6,,5,5,5,5,5,4,,5,5
Zwitserland,CH,+,61,61,61,7,,61,61,6,6,6,5,6,6,
Land / Territorium,Landcode,Verzendzones,Ontvangstzones,,,,,,,,,,,,,
"",,,,,,,,,,,,,,,,
"Ponape (Micronesia, Federale Statenvan)",FM,,,,10,,5,,,,,,,,,
Portugal,PT,+,5,5,5,6,,5,5,4,4,4,4,,4,4
Puerto Rico,PR,+,,8,8,,3,8,8,8,8,8,,3,8,8
Q,,,,,,,,,,,,,,,,
Qatar,QA,,9,9,9,,4,9,,10,10,10,,5,10,10
R,,,,,,,,,,,,,,,,
Réunion,RE,,,11,11,,6,,,10,10,10,,,,
Roemenië,RO,,52,52,52,61,,,,52,52,52,41,,52,52
Rota (Noordelijke Marianen Eilanden),MP,+,,,10,,5,,,10,10,10,,,,
"Rusland Voor de genoemde gebieden101000 - 453999, 460000 - 619999",RU,+,7,7,7,,102,,,7,7,7,,2,7,7
Rusland (Overige bestemmingen),RU,+,10,10,10,,5,,,7,7,7,,2,7,7
Rwanda,RW,,,,11,,6,,,10,10,10,,,,
S,,,,,,,,,,,,,,,,
Saba,BQ,,,,10,,5,,,9,9,9,,,,
"Saipan (Noordelijke MarianenEilanden)",MP,,,10,10,,5,,,10,10,10,,,,
Samoa,WS,,,10,10,,5,,,10,10,10,,,,
Samoa (VS),AS,,,10,10,,5,,,10,10,10,,,,
San Marino,SM,+,,,6,7,,6,,6,6,6,5,,6,6
Saoedi-Arabië,SA,,10,10,10,,4,10,,10,10,10,,5,10,10
Schotland,GB,+,,703,703,704,,3,3,783,753,753,754,,3,3
Senegal,SN,,,11,11,,6,,,10,10,10,,,,
Servië,RS,,7,7,7,,102,,,7,7,7,,,7,7
Seychellen,SC,,,,11,,6,,,10,10,10,,,,
Sierra Leone,SL,,,,11,,6,,,10,10,10,,,,
Singapore,SG,+,9,9,9,,4,9,,9,9,9,,4,9,9
Slovenië,SI,,51,51,51,61,,51,51,51,51,51,41,,51,51
Slowakije,SK,,51,51,51,61,,51,,51,51,51,41,,51,51
Solomon Eilanden,SB,,,10,10,,5,,,,,,,,,
"Spanje (behalve Canarische eilanden,Ceuta en Melilla)",ES,+,5,5,5,6,,5,5,4,4,4,4,,4,4
Sri Lanka,LK,+,,10,10,,5,10,,10,10,10,,,10,10
St. Bartholomeus,BL,,,,10,,5,,,9,9,9,,,,
St. Christopher (St. Kitts),KN,,,10,10,,5,,,9,9,9,,4,,
"St. Croix (AmerikaanseMaagdeneilanden)",VI,,,,10,,5,,,10,10,10,,,,
St. Eustatius,BQ,,,,10,,5,,,9,9,9,,,,
"St. John (AmerikaanseMaagdeneilanden)",VI,,,,10,,5,,,10,10,10,,,,
St. Kitts (St. Christopher),KN,,,10,10,,5,,,9,9,9,,4,,
St. Lucia,LC,,,10,10,,5,,,9,9,9,,4,,
St. Maarten,SX,,,,10,,5,,,9,9,9,,,,
St. Martin (Guadeloupe),SX,,,,10,,5,,,9,9,9,,,,
"St. Thomas (AmerikaanseMaagdeneilanden)",VI,,,,10,,5,,,10,10,10,,,,
St. Vincent en de Grenadines,VC,,,,10,,5,,,9,9,9,,,,
Suriname,SR,,,10,10,,5,,,10,10,10,,,,
Swaziland,SZ,,,,11,,6,,,10,10,10,,,,
UPS Express Envelopes,,,,,,,,,,,,,,
zone,1,2,3,4,5,51,52,6,61,7,703,8,9,10
EUR,"73,95","104,80","138,40","140,25","154,50","168,90","171,75","157,95","158,45","171,00","140,00","132,30","161,55","191,95"
"Documenten van maximaal 2,5 kg behalve UPS Express Envelopes",,,,,,,,,,,,,,
Gewicht,,,,,,,,,,,,,,
"0,5 kg","77,65","111,35","155,55","160,80","178,10","207,90","213,55","178,55","183,15","204,40","157,30","149,70","185,85","221,25"
"1,0 kg","78,35","113,30","161,75","167,70","185,75","218,30","224,45","186,20","190,70","214,40","163,55","166,80","197,05","238,70"
"1,5 kg","79,15","115,45","168,10","174,80","193,55","228,45","235,55","193,85","198,55","224,45","170,00","174,80","208,00","255,85"
"2,0 kg","79,80","117,60","174,35","181,70","201,25","238,85","246,65","201,40","206,20","234,30","176,35","182,60","218,70","273,20"
"2,5 kg","80,50","119,70","180,55","188,60","208,90","249,15","257,50","209,00","214,00","244,35","182,60","190,70","229,70","290,60"
"Documenten van meer dan 2,5 kg en pakketten",,,,,,,,,,,,,,
zone,1,2,3,4,5,51,52,6,61,7,703,8,9,10
Gewicht,,,,,,,,,,,,,,
"0,5 kg","77,65","111,35","155,55","160,80","178,10","207,90","213,55","206,25","207,65","219,95","182,30","180,15","206,90","265,80"
"1,0 kg","78,35","113,30","161,75","167,70","185,75","218,30","224,45","211,90","214,90","232,25","188,55","190,35","220,10","283,00"
"1,5 kg","79,15","115,45","168,10","174,80","193,55","228,45","235,55","217,75","222,45","244,70","194,95","200,40","233,20","300,20"
"2,0 kg","79,80","117,60","174,35","181,70","201,25","238,85","246,65","224,55","229,65","256,80","201,30","210,45","246,10","317,65"
"2,5 kg","80,50","119,70","180,55","188,60","208,90","249,15","257,50","231,70","237,10","269,20","207,55","220,75","258,80","335,05"
"3,0 kg","81,10","120,60","185,20","191,25","211,65","259,55","268,60","243,05","244,20","279,00","212,25","230,75","270,45","347,80"
"3,5 kg","81,45","122,20","191,25","196,70","218,45","270,00","279,00","250,30","251,40","289,30","218,40","241,10","282,30","363,35"
"4,0 kg","82,05","123,80","197,50","201,85","225,40","280,50","289,35","257,65","258,40","299,45","224,70","251,45","294,05","378,85"
"4,5 kg","82,55","125,60","203,70","207,25","232,30","291,00","299,75","264,90","265,80","309,65","231,00","261,80","305,80","394,35"
"5,0 kg","83,05","127,30","209,80","212,50","239,20","301,20","310,15","272,10","273,05","319,85","237,15","272,20","317,65","409,85"
"5,5 kg","83,45","128,20","213,15","217,75","246,05","311,50","320,50","278,30","280,10","330,00","240,50","279,15","319,85","425,35"
"6,0 kg","84,05","129,50","216,75","223,15","252,85","321,80","331,05","284,35","287,00","340,25","244,20","286,05","332,15","440,60"
"6,5 kg","84,65","130,35","220,20","228,35","259,60","332,00","340,90","290,70","294,05","350,50","247,70","292,95","344,45","456,15"
"7,0 kg","85,00","131,60","223,60","233,70","266,40","342,30","350,70","296,90","301,25","360,45","251,15","299,90","356,55","471,55"
"7,5 kg","85,40","132,65","227,25","239,00","273,15","352,55","360,30","303,00","308,25","370,85","254,80","306,65","369,00","487,10"
"8,0 kg","85,90","133,80","230,70","244,30","280,10","362,75","370,25","309,25","315,25","381,00","258,30","313,55","381,20","502,45"
"8,5 kg","86,55","134,85","234,10","249,65","286,80","372,95","380,10","315,40","322,45","391,05","261,75","320,40","393,55","517,90"
"9,0 kg","87,00","136,05","237,55","254,95","293,60","383,20","390,05","321,50","329,55","401,25","265,25","327,45","405,85","533,40"
"9,5 kg","87,45","137,25","241,15","260,20","300,20","393,45","399,90","327,80","336,45","411,55","268,85","334,20","418,00","548,85"
10 kg,"87,85","138,45","244,60","265,55","307,20","403,65","409,75","333,85","343,50","421,60","272,35","341,20","430,40","564,15"
11 kg,"88,75","140,35","245,85","266,95","314,65","417,55","423,65","342,55","351,90","435,40","273,60","353,00","449,45","578,30"
12 kg,"89,65","142,15","249,65","272,65","323,10","431,70","437,80","351,10","360,30","448,90","277,45","364,60","468,45","598,80"
13 kg,"90,30","143,95","253,25","278,20","331,65","445,75","451,85","359,85","368,75","462,55","281,05","376,60","487,75","620,10"
14 kg,"91,20","145,80","256,95","283,90","340,45","459,70","465,75","368,35","377,05","476,45","284,85","388,35","506,85","641,35"
15 kg,"92,00","147,60","260,65","289,40","349,05","473,65","479,80","377,10","385,40","490,00","288,55","400,30","526,10","657,60"
16 kg,"92,65","149,45","264,30","295,00","357,60","487,60","493,75","385,70","393,70","503,90","292,25","412,10","545,15","683,85"
17 kg,"93,45","151,30","268,05","300,75","366,05","501,70","507,85","394,35","401,95","517,55","296,05","423,80","564,25","706,95"
18 kg,"94,20","153,00","271,70","306,05","374,70","515,60","522,00","402,90","410,35","531,20","299,75","435,65","583,40","727,25"
19 kg,"95,05","154,80","275,20","311,75","383,35","529,75","535,75","411,55","418,85","544,90","303,30","447,45","602,45","748,30"
20 kg,"95,70","156,60","278,95","317,35","391,90","543,60","550,05","420,25","427,25","558,50","307,10","459,45","621,70","770,80"
22 kg,"98,55","161,60","286,90","324,55","405,25","573,05","578,30","438,70","447,30","586,65","315,10","482,30","656,70","817,70"
24 kg,"101,45","165,70","293,55","330,05","416,75","599,90","604,30","455,20","465,40","612,45","321,85","502,85","688,55","860,70"
26 kg,"104,15","170,00","300,05","335,75","428,10","626,55","630,25","472,00","483,55","638,00","328,40","523,35","720,35","903,70"
28 kg,"106,90","173,85","306,85","341,15","439,70","653,30","656,40","488,65","501,70","663,55","335,30","544,05","752,25","946,65"
30 kg,"109,70","178,25","313,25","346,90","451,05","680,05","682,90","505,25","519,75","689,25","341,75","564,65","784,20","989,55"
35 kg,"115,40","184,00","341,90","385,70","503,60","751,60","752,80","535,90","554,25","766,65","370,75","611,85","875,65","1.097,35"
40 kg,"120,95","190,35","360,05","410,95","537,90","823,40","827,70","566,20","586,20","844,45","389,10","659,15","967,20","1.202,10"
45 kg,"126,45","196,75","378,15","436,20","572,15","895,25","904,85","596,60","618,05","922,55","407,40","706,15","1.058,75","1.320,70"
50 kg,"132,30","202,90","396,25","461,55","606,20","967,30","982,10","627,10","649,80","1.000,35","425,70","753,40","1.150,15","1.439,30"
55 kg,"137,90","209,35","414,60","486,90","640,55","1.039,15","1.056,80","657,60","681,90","1.078,20","444,25","800,60","1.241,75","1.557,85"
60 kg,"143,40","215,70","432,50","512,15","674,75","1.111,05","1.130,75","688,00","713,70","1.155,85","462,40","847,75","1.333,30","1.676,30"
65 kg,"149,15","221,95","450,90","537,25","709,05","1.182,90","1.204,50","718,35","745,60","1.234,00","480,95","894,90","1.424,85","1.795,00"
70 kg,"154,75","228,25","469,05","562,55","743,20","1.254,85","1.278,25","748,75","777,60","1.311,90","499,30","942,25","1.516,55","1.913,45"
Meer dan 70 kg,,,,,,,,,,,,,,
Prijs per kg,"2,21","3,26","6,70","8,03","10,61","17,92","18,26","10,69","11,10","18,74","7,13","13,46","21,66","27,33"
Minimumtarief,"154,75","228,25","469,05","562,55","743,20","1.254,85","1.278,25","748,75","777,60","1.311,90","499,30","942,25","1.516,55","1.913,45"
UPS Express Envelopes,,,,,,,,,,,,,,,
zone,1,2,3,4,5,51,52,6,61,7,703,8,9,10,11
EUR,"28,55","48,00","82,05","83,25","98,00","112,70","113,70","99,85","102,55","112,95","82,95","75,35","104,95","133,85","140,80"
"Documenten van maximaal 2,5 kg behalve UPS Express Envelopes",,,,,,,,,,,,,,,
Gewicht,,,,,,,,,,,,,,,
"0,5 kg","32,10","55,15","99,40","104,60","121,90","151,10","155,55","120,55","124,25","146,30","100,50","92,90","129,55","163,15","170,90"
"1,0 kg","32,85","57,30","105,65","111,55","129,75","161,60","166,40","128,15","130,25","156,30","106,85","109,95","140,45","180,60","193,75"
"1,5 kg","33,75","59,25","111,85","118,50","137,35","172,15","177,50","135,80","136,65","166,40","113,10","118,10","151,65","197,80","216,90"
"2,0 kg","34,30","61,35","118,10","125,40","144,90","182,40","188,50","143,45","143,50","176,40","119,40","125,90","162,55","215,10","239,95"
"2,5 kg","35,20","63,50","124,25","132,25","152,50","192,95","199,40","150,95","151,00","186,35","125,65","134,15","173,50","232,60","262,85"
"Documenten van meer dan 2,5 kg en pakketten",,,,,,,,,,,,,,,
zone,1,2,3,4,5,51,52,6,61,7,703,8,9,10,11
Gewicht,,,,,,,,,,,,,,,
"0,5 kg","32,10","55,15","99,40","104,60","121,90","151,10","155,55","148,15","148,45","161,85","125,50","123,60","150,70","207,70","219,40"
"1,0 kg","32,85","57,30","105,65","111,55","129,75","161,60","166,40","153,90","153,95","174,25","131,85","133,70","163,75","224,90","241,00"
"1,5 kg","33,75","59,25","111,85","118,50","137,35","172,15","177,50","159,70","159,75","186,65","138,10","143,95","176,85","242,25","262,90"
"2,0 kg","34,30","61,35","118,10","125,40","144,90","182,40","188,50","166,50","166,55","198,80","144,40","154,05","189,90","259,55","284,85"
"2,5 kg","35,20","63,50","124,25","132,25","152,50","192,95","199,40","173,65","173,75","211,10","150,65","164,30","202,95","277,00","306,70"
"3,0 kg","35,70","64,30","129,00","135,10","155,50","203,35","210,60","185,00","187,05","220,95","155,45","174,40","214,70","289,75","328,40"
"3,5 kg","36,05","66,00","135,10","140,45","162,50","213,95","220,95","192,20","194,45","231,25","161,65","184,95","226,40","305,30","350,70"
"4,0 kg","36,60","67,55","141,40","145,80","169,35","224,55","231,30","199,55","202,00","241,40","168,00","195,15","238,50","320,80","372,95"
"4,5 kg","37,15","69,35","147,60","151,05","176,40","235,00","241,75","206,80","209,55","251,70","174,25","205,60","250,25","336,30","395,05"
"5,0 kg","37,60","70,95","153,70","156,45","183,25","245,40","252,10","214,15","217,00","261,75","180,40","215,95","262,05","351,85","417,20"
"5,5 kg","38,15","72,00","157,25","161,75","190,15","255,55","262,50","220,20","223,15","271,90","184,05","223,00","264,20","367,30","421,75"
"6,0 kg","38,50","73,10","160,70","166,90","196,90","265,90","272,95","226,30","229,45","282,15","187,50","229,95","276,65","382,65","441,25"
"6,5 kg","39,20","74,25","164,15","172,50","203,70","276,30","282,85","232,65","235,45","292,40","191,00","236,90","289,00","398,05","460,70"
"7,0 kg","39,65","75,30","167,65","177,65","210,45","286,50","292,60","238,80","241,50","302,45","194,55","243,85","301,30","413,45","480,00"
"7,5 kg","40,00","76,55","171,15","180,95","217,20","296,70","302,20","244,95","247,55","312,70","198,10","250,80","313,55","429,05","499,40"
"8,0 kg","40,65","77,50","174,70","183,90","223,20","307,00","312,30","251,15","253,75","322,90","201,65","257,65","326,15","444,40","518,70"
"8,5 kg","41,15","78,70","178,10","186,85","229,20","317,20","322,05","257,45","259,80","333,10","205,10","264,80","338,50","459,80","537,95"
"9,0 kg","41,60","79,80","181,60","189,55","235,30","327,55","332,00","263,40","265,95","343,20","208,65","271,75","350,80","475,30","557,30"
"9,5 kg","42,00","80,90","185,00","192,45","241,30","337,75","341,75","269,70","272,40","353,65","212,10","278,55","363,15","490,70","576,65"
10 kg,"42,60","82,05","188,25","195,50","247,35","348,00","351,75","275,80","278,80","363,50","215,35","285,55","375,55","506,05","596,00"
11 kg,"43,40","84,00","189,95","201,50","255,40","361,95","365,60","284,50","288,45","377,30","217,10","295,75","394,85","520,20","620,30"
12 kg,"44,25","85,90","193,60","207,60","263,35","376,10","379,70","293,15","298,00","390,85","220,75","308,90","414,00","540,80","644,65"
13 kg,"45,00","87,85","197,30","213,80","271,55","390,25","393,75","301,80","307,55","404,55","224,55","321,20","433,35","562,10","668,95"
14 kg,"45,85","89,75","201,10","219,95","279,55","404,05","407,65","310,35","317,25","418,30","228,35","333,15","452,55","583,25","693,25"
15 kg,"46,65","91,40","204,60","225,90","287,75","418,00","421,75","319,05","326,70","431,90","231,90","345,05","471,80","599,50","717,55"
16 kg,"47,15","93,20","208,40","232,15","295,80","432,15","435,65","327,65","336,95","445,80","235,75","357,00","491,00","625,95","741,80"
17 kg,"48,10","95,20","211,55","238,30","303,75","446,15","449,95","336,30","347,00","459,50","238,90","368,90","510,30","648,90","766,10"
18 kg,"48,80","96,90","215,00","244,25","312,00","459,70","463,90","344,85","356,10","473,10","242,40","380,75","529,70","669,20","790,45"
19 kg,"49,55","98,75","218,30","250,30","319,90","473,45","477,80","353,65","364,55","486,80","245,75","392,70","548,95","690,20","814,85"
20 kg,"50,30","100,50","221,85","256,65","328,05","487,35","491,95","362,25","373,10","500,45","249,35","404,55","568,15","712,80","839,35"
22 kg,"53,20","105,05","230,70","268,05","348,90","517,35","520,20","380,60","393,00","528,55","258,30","427,40","603,05","759,65","894,75"
24 kg,"55,95","109,30","237,40","274,00","360,75","544,20","546,25","397,15","411,20","554,35","265,05","448,10","635,10","802,60","946,15"
26 kg,"58,70","113,50","243,90","279,50","372,15","571,10","572,20","414,00","429,55","579,90","271,65","468,90","667,30","845,60","997,70"
28 kg,"61,50","117,55","250,50","285,25","383,65","597,80","598,35","430,55","447,65","605,60","278,30","489,65","699,30","888,55","1.049,10"
30 kg,"64,50","121,80","257,05","290,75","395,05","624,70","624,80","447,20","465,85","631,25","284,95","510,40","731,50","931,55","1.100,55"
35 kg,"70,05","127,55","283,15","329,75","447,90","683,85","692,45","477,85","500,80","708,70","311,35","557,80","823,65","1.039,35","1.235,65"
40 kg,"75,70","133,85","302,10","355,00","482,15","760,45","769,60","508,15","532,75","786,40","330,50","605,30","915,75","1.144,00","1.370,85"
45 kg,"81,15","140,40","321,40","380,35","516,50","836,70","846,80","538,60","564,80","864,45","350,00","652,85","1.007,90","1.262,60","1.516,20"
50 kg,"86,80","146,60","340,40","405,65","550,70","912,35","924,15","569,10","597,05","942,25","369,20","700,25","1.100,20","1.381,30","1.661,65"
55 kg,"92,35","152,85","358,60","431,05","585,00","984,40","998,75","599,50","629,10","1.020,15","387,65","747,80","1.192,30","1.499,80","1.807,20"
60 kg,"98,00","159,30","376,65","456,30","619,25","1.056,55","1.072,65","629,90","661,30","1.097,90","405,90","795,35","1.284,40","1.618,25","1.952,75"
65 kg,"103,60","165,55","394,85","481,65","651,95","1.128,45","1.146,45","660,30","693,30","1.175,90","424,30","842,90","1.376,50","1.736,95","2.098,30"
70 kg,"109,20","171,80","413,10","506,90","684,65","1.200,45","1.220,20","690,70","725,50","1.253,80","442,75","890,30","1.468,70","1.855,40","2.243,85"
Meer dan 70 kg,,,,,,,,,,,,,,,
Prijs per kg,"1,56","2,45","5,90","7,24","9,78","17,14","17,43","9,86","10,36","17,91","6,32","12,71","20,98","26,50","32,05"
Minimumtarief,"109,20","171,80","413,10","506,90","684,65","1.200,45","1.220,20","690,70","725,50","1.253,80","442,75","890,30","1.468,70","1.855,40","2.243,85"
UPS Express Envelopes,,,,,,,,,,,,,,,,
zone,1,2,3,4,5,51,52,6,61,7,703,705,8,9,10,11
EUR,"24,80","44,45","75,95","77,10","90,65","105,10","107,50","93,15","95,95","104,60","76,80","91,70","70,60","97,85","123,35","132,10"
"Documenten van maximaal 2,5 kg behalve UPS Express Envelopes",,,,,,,,,,,,,,,,
Gewicht,,,,,,,,,,,,,,,,
"0,5 kg","27,75","51,15","92,15","97,05","112,95","140,00","144,00","112,45","114,95","135,50","93,20","114,25","86,50","120,70","152,10","160,20"
"1,0 kg","28,60","53,05","97,85","103,40","120,05","149,65","154,00","119,60","120,65","144,80","98,95","121,40","102,55","130,90","168,30","181,75"
"1,5 kg","29,30","55,05","103,55","109,75","127,25","159,30","164,35","126,80","126,85","154,35","104,70","128,65","110,05","141,25","184,65","203,30"
"2,0 kg","30,25","56,85","109,35","116,00","134,10","168,95","174,65","133,80","133,85","163,90","110,60","135,60","117,60","151,65","200,85","224,85"
"2,5 kg","31,05","58,80","114,95","122,55","141,20","178,55","184,70","141,05","141,10","173,15","116,25","142,80","125,20","161,80","217,00","246,35"
"Documenten van meer dan 2,5 kg en pakketten",,,,,,,,,,,,,,,,
zone,1,2,3,4,5,51,52,6,61,7,703,705,8,9,10,11
Gewicht,,,,,,,,,,,,,,,,
"0,5 kg","27,75","51,15","92,15","97,05","112,95","140,00","144,00","138,35","140,30","149,60","118,15","139,25","115,70","140,75","193,00","205,55"
"1,0 kg","28,60","53,05","97,85","103,40","120,05","149,65","154,00","145,15","146,00","161,05","123,95","146,40","124,45","152,70","208,90","225,95"
"1,5 kg","29,30","55,05","103,55","109,75","127,25","159,30","164,35","152,10","153,00","172,65","129,70","153,65","133,85","165,05","224,90","246,40"
"2,0 kg","30,25","56,85","109,35","116,00","134,10","168,95","174,65","159,00","161,30","184,15","135,55","160,60","143,25","177,20","241,00","266,85"
"2,5 kg","31,05","58,80","114,95","122,55","141,20","178,55","184,70","165,80","169,20","195,60","141,20","167,75","152,75","189,45","257,00","287,35"
"3,0 kg","31,40","59,55","120,80","128,90","147,05","188,25","195,10","173,75","173,80","207,05","147,15","173,70","164,50","201,40","271,55","307,75"
"3,5 kg","31,60","61,30","126,30","135,30","153,65","198,00","204,55","180,60","180,65","216,55","152,70","180,35","174,45","212,70","286,20","328,65"
"4,0 kg","32,00","62,95","132,20","141,50","160,10","207,70","214,25","187,35","187,40","226,00","158,65","186,90","184,70","224,15","300,80","349,40"
"4,5 kg","32,45","64,70","137,75","147,90","166,65","217,60","223,80","194,10","194,15","235,55","164,25","193,50","194,90","235,40","315,25","370,20"
"5,0 kg","32,85","66,50","143,55","154,25","173,25","227,25","233,40","201,00","201,10","244,95","170,15","200,20","205,05","246,75","329,95","390,90"
"5,5 kg","33,15","67,50","146,45","157,05","178,85","236,90","243,05","207,00","207,05","254,30","173,10","205,85","211,15","248,55","344,40","395,15"
"6,0 kg","33,30","68,30","149,60","159,55","184,25","246,75","252,75","212,90","212,95","264,00","176,30","211,35","217,35","260,40","358,80","413,40"
"6,5 kg","33,65","69,35","152,70","162,40","189,95","256,35","262,40","218,95","219,00","273,35","179,40","217,10","223,40","271,90","373,30","431,70"
"7,0 kg","33,80","70,15","155,80","164,90","195,55","266,25","271,85","225,00","225,05","282,85","182,50","222,75","229,45","283,85","387,60","449,95"
"7,5 kg","34,00","71,20","159,00","167,65","201,15","275,90","281,55","230,85","231,00","292,30","185,75","228,40","235,70","295,55","402,00","467,95"
"8,0 kg","34,30","72,00","162,05","170,25","206,65","285,55","291,15","236,85","236,90","301,80","188,90","233,95","241,85","307,30","416,50","486,05"
"8,5 kg","34,50","73,10","165,05","172,95","212,35","295,45","300,85","242,85","242,90","311,30","191,90","239,70","247,95","319,05","431,00","504,10"
"9,0 kg","34,75","74,10","168,20","175,45","217,80","305,10","310,45","248,85","248,90","320,70","195,05","245,25","254,00","330,80","445,30","522,35"
"9,5 kg","35,20","75,00","171,30","178,25","223,40","314,95","320,00","254,75","254,90","330,10","198,20","250,90","260,10","342,55","459,70","540,45"
10 kg,"35,40","75,95","174,35","180,75","229,00","324,65","329,75","260,75","260,85","339,65","201,30","256,55","266,35","354,10","474,05","558,40"
11 kg,"35,65","77,80","177,35","186,65","236,50","336,80","340,35","266,10","266,95","353,75","204,35","264,15","273,90","375,30","488,50","581,30"
12 kg,"36,05","79,65","180,55","192,20","243,90","349,45","353,50","274,25","275,90","366,35","207,55","271,65","286,10","392,65","508,20","604,00"
13 kg,"36,80","81,50","183,65","197,90","251,40","362,30","366,70","282,40","284,85","378,90","210,70","279,25","298,30","409,95","527,90","626,80"
14 kg,"37,20","83,20","186,75","203,65","258,80","374,80","379,95","290,55","293,70","391,40","213,85","286,70","310,50","427,50","547,65","649,65"
15 kg,"37,70","84,90","189,85","209,15","266,40","387,60","393,15","298,70","302,60","404,05","217,00","294,35","322,70","444,70","567,45","672,45"
16 kg,"38,20","86,70","193,00","214,90","273,85","400,25","406,40","306,90","312,05","416,65","220,15","301,90","334,95","462,15","587,10","695,20"
17 kg,"38,75","88,55","195,90","220,55","281,25","413,05","419,65","315,00","321,30","429,20","223,05","309,40","347,25","479,45","607,00","717,85"
18 kg,"39,20","90,40","199,20","226,20","288,75","425,60","432,70","323,10","330,85","441,80","226,40","317,00","359,20","496,75","626,50","740,85"
19 kg,"39,65","92,25","202,05","231,70","296,10","438,55","446,05","331,30","340,25","454,35","229,30","324,40","371,45","514,10","646,35","763,60"
20 kg,"40,10","94,00","205,30","237,65","303,75","451,25","459,15","339,35","349,45","466,90","232,60","332,15","383,70","531,50","665,90","786,40"
22 kg,"43,25","98,20","214,05","248,10","322,95","479,65","486,05","360,00","368,30","493,70","241,45","351,55","406,15","565,15","709,75","838,45"
24 kg,"46,25","102,05","221,55","257,65","340,90","505,85","510,65","378,95","385,40","518,20","249,05","369,70","426,80","596,30","750,20","886,75"
26 kg,"49,15","105,85","229,20","267,45","358,90","532,00","535,35","394,65","402,35","542,65","256,80","387,90","446,15","627,45","790,70","935,05"
28 kg,"52,05","109,50","237,10","276,75","376,65","558,20","560,00","410,25","419,50","567,15","264,75","405,90","465,80","658,45","831,10","983,05"
30 kg,"55,05","113,35","244,75","286,20","394,45","584,45","584,60","425,90","436,45","591,55","272,50","423,90","485,30","689,75","871,55","1.031,35"
35 kg,"58,55","119,30","262,10","307,75","421,80","633,25","641,20","446,60","467,85","658,20","290,05","451,55","530,40","771,10","978,40","1.157,85"
40 kg,"62,25","125,05","279,85","331,05","452,05","704,10","712,60","475,85","499,30","732,10","308,00","482,15","575,65","858,95","1.085,40","1.284,45"
45 kg,"66,00","130,85","297,50","354,00","482,60","774,75","784,15","505,20","530,50","806,25","325,80","513,00","620,90","946,75","1.192,30","1.420,85"
50 kg,"69,40","136,55","315,40","377,15","512,70","845,40","855,60","534,70","561,95","880,20","343,95","543,50","666,35","1.034,65","1.299,15","1.557,10"
55 kg,"73,10","142,25","333,25","400,15","543,10","916,05","927,10","564,10","593,35","954,15","362,00","574,25","711,55","1.122,75","1.406,15","1.693,55"
60 kg,"76,80","148,05","350,95","423,25","573,30","986,80","998,55","593,55","624,65","1.028,10","379,90","604,75","756,90","1.210,55","1.512,95","1.829,85"
65 kg,"80,35","153,90","368,75","446,55","603,65","1.057,40","1.070,10","622,85","655,95","1.102,10","397,85","635,45","802,05","1.298,55","1.619,80","1.966,25"
70 kg,"84,05","159,70","386,50","469,50","633,95","1.128,20","1.141,50","652,40","687,25","1.175,95","415,85","666,10","847,35","1.386,35","1.726,80","2.102,70"
Meer dan 70 kg,,,,,,,,,,,,,,,,
Prijs per kg,"1,20","2,28","5,52","6,70","9,05","16,11","16,30","9,32","9,81","16,79","5,94","9,51","12,10","19,80","24,66","30,03"
Minimumtarief,"84,05","159,70","386,50","469,50","633,95","1.128,20","1.141,50","652,40","687,25","1.175,95","415,85","666,10","847,35","1.386,35","1.726,80","2.102,70"
Eén-pakketzendingen,,,,,,,,,,,,
zone,1,2,3,4,5,51,6,61,7,704,706,8
EUR,,,,,,,,,,,,
Gewicht,,,,,,,,,,,,
1 kg,"11,60","20,45","29,05","45,80","72,10","79,20","94,10","99,95","125,70","69,65","117,95","124,55"
2 kg,"12,40","21,35","29,95","49,00","76,10","83,60","98,50","107,45","139,60","72,85","122,35","138,75"
3 kg,"13,55","22,35","31,10","52,15","80,05","87,90","103,10","114,95","153,25","76,00","126,95","154,90"
4 kg,"14,35","23,15","32,00","55,35","83,85","92,10","107,35","122,60","167,00","79,20","131,20","168,50"
5 kg,"15,50","24,25","33,15","58,40","87,75","96,55","111,90","130,15","180,65","82,25","135,75","182,55"
6 kg,"16,35","24,90","34,20","60,45","91,60","100,75","116,60","136,35","194,35","84,30","140,45","195,50"
7 kg,"17,30","25,50","35,10","62,55","95,70","105,10","121,50","142,45","208,15","86,40","145,35","206,15"
8 kg,"18,25","26,30","36,15","64,55","99,55","109,50","126,20","148,35","221,85","88,40","150,05","219,85"
9 kg,"19,40","26,80","37,15","66,45","103,45","113,70","131,05","154,75","235,60","90,30","154,90","233,40"
10 kg,"20,05","27,65","38,25","68,50","107,35","118,25","135,90","160,90","239,75","92,35","159,70","237,55"
12 kg,"21,10","28,20","40,15","71,25","111,30","123,40","142,90","169,65","257,35","95,10","166,75","254,95"
14 kg,"21,70","28,95","42,15","74,10","115,40","128,75","150,15","178,35","265,60","97,95","174,00","263,15"
16 kg,"22,60","29,70","43,95","76,65","119,30","134,00","157,20","187,10","271,65","100,50","181,05","269,20"
18 kg,"23,50","30,20","46,00","79,45","123,25","139,40","164,45","195,75","281,70","103,30","188,30","284,70"
20 kg,"24,40","31,05","47,85","82,10","127,10","144,80","171,45","204,55","290,15","105,95","195,30","293,05"
22 kg,"24,85","36,60","54,35","89,70","138,15","155,80","181,55","213,40","298,55","113,55","205,40","301,50"
24 kg,"25,00","42,30","60,90","97,20","149,35","166,60","191,40","222,00","306,55","121,05","215,25","309,85"
26 kg,"25,25","47,80","67,20","104,75","160,40","177,15","201,35","230,85","314,80","128,60","225,20","318,10"
28 kg,"25,50","53,40","73,60","112,35","171,40","187,95","211,25","239,50","323,00","136,20","235,10","326,25"
30 kg,"25,80","59,05","80,15","119,95","182,55","198,70","221,10","248,35","331,10","143,80","244,95","334,65"
32 kg,"27,25","64,60","85,50","127,35","193,00","209,45","233,50","260,60","339,35","151,20","257,35","342,85"
34 kg,"28,55","70,05","90,95","134,80","203,30","220,25","245,95","273,15","347,50","158,65","269,80","351,15"
36 kg,"29,90","75,90","96,45","142,45","213,75","230,95","258,40","285,50","367,90","166,30","282,25","370,50"
38 kg,"31,30","81,35","101,95","150,00","224,15","241,80","270,90","297,85","384,65","173,85","294,75","385,65"
40 kg,"32,65","87,00","107,20","157,50","234,40","252,45","283,45","310,30","392,30","181,35","307,30","388,70"
42 kg,"36,30","92,55","112,80","165,15","244,85","264,45","297,55","322,75","400,15","189,00","321,40","404,30"
44 kg,"40,00","98,05","118,20","172,65","255,15","276,55","311,65","335,00","407,70","196,50","335,50","411,95"
46 kg,"43,70","103,70","123,50","180,25","265,60","288,45","325,85","347,60","415,55","204,10","349,70","419,85"
48 kg,"47,40","109,25","128,95","187,70","276,10","300,30","340,00","360,10","423,20","211,55","363,85","427,60"
50 kg,"50,95","114,85","134,25","195,35","286,30","312,50","354,05","372,40","431,00","219,20","377,90","435,50"
55 kg,"54,60","122,35","148,55","212,90","307,75","339,60","394,85","403,65","445,90","236,75","418,70","450,45"
60 kg,"61,80","129,90","162,75","230,50","329,25","366,75","435,45","439,70","460,90","254,35","459,30","465,55"
65 kg,"69,00","137,35","176,85","247,75","350,55","393,85","476,25","480,85","480,50","271,60","500,10","480,75"
70 kg,"76,15","144,65","191,05","265,45","372,00","421,30","517,10","522,20","521,75","289,30","540,95","516,80"
Multi-pakketzendingen,,,,,,,,,,,,
zone,1,2,3,4,5,51,6,61,7,704,706,8
Gewicht,,,,,,,,,,,,
5 kg,"20,85","37,55","52,05","72,35","109,80","112,80","119,60","133,20","186,90","96,20","143,45","185,25"
10 kg,"23,15","43,65","59,10","82,35","132,90","138,30","165,35","178,75","243,05","106,20","189,20","240,90"
15 kg,"25,60","49,65","65,80","92,50","160,85","169,90","200,05","212,65","275,00","116,35","223,90","272,50"
20 kg,"28,10","55,50","72,85","102,35","188,80","201,50","235,05","246,45","303,85","126,20","258,90","301,05"
25 kg,"30,70","61,35","79,90","112,80","206,40","232,55","270,20","280,70","338,50","136,65","294,05","335,30"
30 kg,"34,25","72,70","86,70","124,05","223,70","255,00","304,95","314,60","370,05","147,90","328,80","366,65"
40 kg,"44,35","96,50","114,90","164,65","246,40","277,50","350,75","356,80","401,75","188,50","374,60","398,05"
50 kg,"55,30","120,30","143,35","201,00","297,75","322,40","396,50","402,70","433,35","224,85","420,35","437,85"
60 kg,"65,70","140,85","170,80","237,50","339,60","378,55","448,30","449,55","468,25","261,35","472,15","473,00"
70 kg,"78,45","150,05","194,85","268,25","374,75","426,05","522,90","528,10","526,05","292,10","546,75","527,30"
80 kg,"90,40","159,10","205,35","279,80","386,45","435,70","531,50","536,60","533,40","303,65","555,35","538,95"
90 kg,"104,70","173,45","219,80","294,20","400,80","450,15","545,95","551,00","565,90","318,05","569,80","571,70"
100 kg,"118,85","187,85","234,25","308,70","415,25","464,55","560,40","565,40","598,25","332,55","584,25","604,30"
120 kg,"133,15","202,35","248,65","323,05","438,95","478,90","574,80","579,85","712,90","346,90","598,65","720,40"
140 kg,"147,40","216,75","263,10","337,40","478,90","510,25","595,15","616,30","827,45","361,25","619,00","836,05"
160 kg,"161,65","231,05","277,45","376,60","517,75","558,15","661,65","670,80","942,25","400,45","685,50","951,85"
180 kg,"175,90","245,45","291,85","414,20","564,80","606,90","687,50","724,40","1.056,95","438,05","711,35","1.067,80"
200 kg,"190,15","259,95","306,30","453,05","612,15","659,85","727,45","800,65","1.171,85","476,90","751,30","1.183,85"
Meer dan 200 kg,,,,,,,,,,,,
Prijs per kg,"0,95","1,29","1,53","2,26","3,06","3,29","3,63","4,00","5,85","2,38","3,75","5,91"
Minimumtarief,"190,15","259,95","306,30","453,05","612,15","659,85","727,45","800,65","1.171,85","476,90","751,30","1.183,85"
Pakketten,,,,,,,,
zone,1,101,102,2,3,4,5,6
EUR,,,,,,,,
Gewicht,,,,,,,,
1 kg,"125,90","146,95","162,05","123,65","123,70","152,55","152,60","227,45"
2 kg,"144,25","160,80","185,40","141,75","141,85","177,10","177,15","268,80"
3 kg,"162,70","173,75","208,70","164,35","164,40","198,05","199,30","310,15"
4 kg,"178,15","188,55","227,70","183,30","183,35","220,60","222,00","351,95"
5 kg,"190,70","202,35","246,70","194,35","202,30","241,50","244,70","393,80"
6 kg,"203,30","212,80","265,85","208,75","216,05","259,30","259,35","416,50"
7 kg,"213,65","225,00","284,85","223,05","229,35","281,05","281,80","453,25"
8 kg,"224,15","236,65","303,85","235,60","235,65","300,85","304,20","489,65"
9 kg,"234,55","248,00","323,10","250,10","250,15","319,00","326,60","526,15"
10 kg,"244,95","259,95","342,20","264,35","264,40","340,25","349,20","562,50"
11 kg,"251,75","266,25","352,65","273,75","273,80","362,05","370,00","579,55"
12 kg,"258,65","275,15","365,15","285,50","285,55","380,80","387,15","602,20"
13 kg,"265,50","284,00","377,80","294,95","296,55","399,40","404,80","625,00"
14 kg,"272,30","292,80","390,30","303,65","307,40","418,10","422,10","647,75"
15 kg,"279,05","301,80","402,80","312,75","318,25","436,65","439,45","670,40"
16 kg,"285,35","311,00","415,30","321,65","334,85","455,35","456,95","693,20"
17 kg,"291,55","320,40","427,85","330,30","347,20","473,85","474,30","715,85"
18 kg,"297,85","329,65","440,15","339,25","359,10","491,80","491,85","738,00"
19 kg,"304,20","338,80","452,55","348,15","371,35","509,20","509,30","760,60"
20 kg,"310,20","348,10","465,15","356,95","383,60","526,55","526,60","783,35"
21 kg,"314,75","356,95","477,85","366,00","394,90","541,85","544,50","808,00"
22 kg,"318,85","365,50","489,90","374,75","403,30","553,75","562,20","831,95"
23 kg,"322,90","373,90","502,00","383,40","411,75","565,50","579,15","855,90"
24 kg,"327,20","382,30","514,20","392,15","420,20","577,10","596,25","879,70"
25 kg,"331,35","390,85","526,30","400,80","428,65","588,90","613,35","903,70"
26 kg,"335,50","395,05","532,70","409,55","436,95","600,60","627,35","918,00"
27 kg,"339,70","403,50","544,60","418,20","445,40","612,40","647,55","941,55"
28 kg,"343,80","411,90","556,70","427,00","453,70","624,05","658,40","965,05"
29 kg,"348,10","420,15","568,65","435,60","462,25","635,85","678,30","988,75"
30 kg,"352,35","428,45","580,70","444,35","470,75","647,60","689,70","1.012,50"
31 kg,"356,75","434,85","593,75","453,05","479,00","661,50","709,15","1.037,35"
32 kg,"360,85","440,80","607,05","461,75","487,55","679,80","724,50","1.062,10"
33 kg,"365,10","447,10","619,95","470,40","495,75","693,75","739,85","1.086,95"
34 kg,"369,20","453,25","633,10","479,20","504,20","707,80","755,15","1.111,85"
35 kg,"373,65","459,35","646,25","487,85","512,70","721,80","770,65","1.136,65"
40 kg,"401,10","484,95","711,30","507,25","540,15","759,00","833,05","1.247,60"
45 kg,"428,80","515,25","783,10","526,65","567,80","796,20","895,70","1.379,95"
50 kg,"456,40","545,75","854,85","545,95","592,00","833,25","958,30","1.512,55"
55 kg,"483,80","576,20","926,75","565,45","616,35","870,40","1.020,90","1.644,90"
60 kg,"498,80","606,85","998,45","584,85","640,50","907,65","1.083,35","1.777,30"
65 kg,"525,80","637,20","1.070,35","604,45","664,85","944,80","1.145,60","1.909,75"
70 kg,"541,95","667,60","1.142,20","623,65","689,25","981,90","1.206,45","2.042,30"
75 kg,"557,80","712,40","1.218,90","642,90","713,40","1.019,00","1.267,35","2.179,50"
80 kg,"574,10","756,70","1.294,80","662,40","737,65","1.056,20","1.328,45","2.315,45"
85 kg,"590,00","800,85","1.370,15","681,80","762,00","1.093,50","1.389,35","2.450,25"
90 kg,"615,95","844,50","1.445,00","701,10","786,20","1.130,70","1.450,15","2.584,10"
95 kg,"632,30","887,80","1.519,25","720,55","823,75","1.167,65","1.511,35","2.716,65"
100 kg,"648,65","930,75","1.592,80","739,90","847,25","1.204,75","1.572,20","2.848,10"
Meer dan 100 kg,,,,,,,,
Prijs per kg,"6,48","9,30","15,92","7,39","8,47","12,04","15,72","28,48"
Minimumtarief,"648,65","930,75","1.592,80","739,90","847,25","1.204,75","1.572,20","2.848,10"
UPS Worldwide Express Freight,,,,,,,,,,,,
zone,2,3,4,5,51,52,6,61,8,9,10,11
EUR,,,,,,,,,,,,
Minimumtarief,"289,00","408,25","496,30","671,70","1.198,50","1.212,00","691,55","729,20","898,90","1.471,85","1.834,65","2.235,80"
Gewicht,,,,,,,,,,,,
71 - 99 kg,,,,,,,,,,,,
Prijs per kg,"4,07","5,75","6,99","9,46","16,88","17,07","9,74","10,27","12,66","20,73","25,84","31,49"
"",,,,,,,,,,,,
100 - 299 kg,,,,,,,,,,,,
Prijs per kg,"3,97","5,63","6,85","8,14","15,73","16,73","9,64","9,23","12,61","19,15","25,64","30,82"
"",,,,,,,,,,,,
300 - 499 kg,,,,,,,,,,,,
Prijs per kg,"3,94","5,54","6,75","8,10","15,58","16,35","9,60","9,16","12,59","17,60","25,47","30,20"
"",,,,,,,,,,,,
500 - 999 kg,,,,,,,,,,,,
Prijs per kg,"3,82","5,37","6,53","7,65","15,39","16,04","9,53","9,14","12,49","17,39","25,04","29,59"
"",,,,,,,,,,,,
"1000 kg ofmeer",,,,,,,,,,,,
Prijs per kg,"3,72","5,27","6,43","7,47","15,28","15,70","9,41","9,07","12,40","17,26","24,85","28,99"
UPS Worldwide Express Freight Midday,,,,,,,,,,
zone,2,3,4,5,51,6,61,8,9,10
EUR,,,,,,,,,,
Minimumtarief,"387,70","506,95","595,00","769,65","1.354,00","788,85","827,90","1.016,05","1.664,25","2.073,20"
Gewicht,,,,,,,,,,
71 - 99 kg,,,,,,,,,,
Prijs per kg,"5,46","7,14","8,38","10,84","19,07","11,11","11,66","14,31","23,44","29,20"
"",,,,,,,,,,
100 - 299 kg,,,,,,,,,,
Prijs per kg,"5,35","6,99","8,22","9,53","17,77","11,03","10,60","14,26","21,65","28,97"
"",,,,,,,,,,
300 - 499 kg,,,,,,,,,,
Prijs per kg,"5,31","6,94","8,14","9,47","17,60","10,98","10,55","14,23","19,89","28,76"
"",,,,,,,,,,
500 - 999 kg,,,,,,,,,,
Prijs per kg,"5,20","6,74","7,92","9,04","17,39","10,91","10,53","14,12","19,65","28,29"
"",,,,,,,,,,
1000 kg of meer,,,,,,,,,,
Prijs per kg,"5,11","6,66","7,81","8,87","17,26","10,78","10,45","14,01","19,50","28,07"
UPS Express Envelopes,,,,,,,,,,,,
zone,2,3,4,5,51,52,6,7,783,8,9,10
EUR,"104,90","121,50","121,55","137,05","137,10","138,45","138,35","141,25","124,30","114,15","128,80","134,75"
"Documenten van maximaal 2,5 kg behalve UPS Express Envelopes",,,,,,,,,,,,
Gewicht,,,,,,,,,,,,
"0,5 kg","108,25","137,70","137,75","194,05","194,65","198,55","174,80","178,05","140,85","141,25","151,00","168,50"
"1,0 kg","109,70","148,45","152,30","208,25","213,20","216,95","190,70","194,35","151,85","157,25","168,65","191,35"
"1,5 kg","110,60","153,00","167,40","224,25","230,45","234,80","206,60","214,55","156,50","173,60","186,45","214,15"
"2,0 kg","112,10","157,40","180,70","241,10","247,60","250,45","222,30","234,80","161,00","188,70","204,05","236,30"
"2,5 kg","112,90","162,05","195,95","258,05","263,20","268,15","238,40","255,05","165,75","203,00","221,70","259,05"
"Documenten van meer dan 2,5 kg en pakketten",,,,,,,,,,,,
zone,2,3,4,5,51,52,6,7,783,8,9,10
Gewicht,,,,,,,,,,,,
"0,5 kg","108,25","137,70","137,75","194,05","194,65","198,55","198,50","207,25","165,65","145,60","153,20","179,40"
"1,0 kg","109,70","148,45","152,30","208,25","213,20","216,95","216,90","224,65","176,70","161,70","171,45","202,15"
"1,5 kg","110,60","153,00","167,40","224,25","230,45","234,80","234,75","245,25","181,35","177,65","189,60","224,90"
"2,0 kg","112,10","157,40","180,70","241,10","247,60","250,45","250,35","265,80","185,85","194,00","207,85","246,90"
"2,5 kg","112,90","162,05","195,95","258,05","263,20","268,15","266,00","283,75","190,60","210,30","226,05","269,45"
"3,0 kg","114,25","165,20","205,05","264,30","280,90","286,45","281,15","301,60","193,80","218,70","236,20","292,20"
"3,5 kg","115,10","168,55","214,35","276,80","298,50","304,55","296,35","318,65","197,25","227,25","246,60","305,45"
"4,0 kg","116,35","172,00","223,40","290,65","316,50","322,80","311,60","337,40","200,75","235,85","256,70","327,25"
"4,5 kg","117,45","175,35","232,55","304,45","334,15","341,05","326,85","356,30","204,20","244,50","267,10","349,30"
"5,0 kg","118,50","178,45","241,45","318,45","352,10","359,25","342,05","375,10","207,40","253,05","277,20","360,95"
"5,5 kg","119,65","181,55","250,35","330,00","367,15","375,05","347,45","375,35","210,55","261,65","287,75","368,80"
"6,0 kg","120,70","184,75","259,10","341,70","382,60","390,80","352,65","390,35","213,80","270,25","297,75","370,35"
"6,5 kg","121,65","187,80","267,95","353,20","397,85","406,50","358,05","405,35","216,90","278,95","308,25","387,50"
"7,0 kg","122,95","190,85","276,80","365,05","413,25","422,30","363,25","420,40","220,05","287,45","318,40","404,75"
"7,5 kg","124,10","194,25","285,70","376,90","428,50","437,95","368,65","435,65","223,55","296,00","328,70","421,90"
"8,0 kg","125,30","197,40","294,75","388,70","439,05","448,75","374,00","445,80","226,75","304,55","339,05","439,05"
"8,5 kg","126,55","200,65","303,85","400,45","449,55","459,55","379,35","455,90","230,05","313,25","349,15","456,15"
"9,0 kg","127,65","203,85","312,80","412,25","460,00","470,45","384,75","466,05","233,35","321,85","359,55","473,45"
"9,5 kg","128,90","206,90","321,75","424,15","470,65","481,20","389,95","476,15","236,50","330,45","369,80","490,60"
10 kg,"129,90","210,40","330,80","435,85","481,20","491,90","395,25","486,30","240,05","339,10","380,10","507,80"
11 kg,"131,55","216,80","332,40","442,35","495,55","507,20","405,75","504,90","246,60","349,10","388,75","544,70"
12 kg,"133,40","223,40","343,15","449,00","509,90","522,30","416,35","523,20","253,35","368,00","407,60","581,85"
13 kg,"135,10","229,95","353,90","455,70","524,30","537,40","426,90","541,70","260,05","387,00","426,60","618,95"
14 kg,"136,75","236,60","364,60","462,25","538,85","552,70","437,50","560,05","266,85","406,05","445,45","655,95"
15 kg,"138,35","243,05","375,25","468,75","553,30","568,10","448,10","578,55","273,45","425,15","464,45","659,40"
16 kg,"139,95","249,65","386,00","475,50","567,65","583,20","458,60","596,90","280,20","444,20","483,40","694,50"
17 kg,"141,60","256,30","396,60","481,90","582,00","598,40","467,75","615,40","287,00","463,10","502,30","729,60"
18 kg,"143,05","263,00","407,40","488,65","596,55","613,55","477,00","634,00","293,85","482,15","521,40","764,65"
19 kg,"144,65","269,45","418,25","495,10","611,05","628,80","486,00","652,40","300,50","501,20","540,40","799,80"
20 kg,"146,20","276,10","430,50","501,80","625,25","644,00","495,15","670,90","307,30","520,25","559,35","834,80"
22 kg,"148,90","283,95","445,00","518,10","660,90","679,45","516,70","709,35","315,30","541,80","601,10","862,80"
24 kg,"150,90","290,60","457,30","531,80","693,45","711,40","535,90","744,55","322,10","560,95","640,15","930,05"
26 kg,"152,90","297,25","469,75","545,65","726,15","743,70","555,00","779,70","328,90","580,10","679,30","997,25"
28 kg,"154,55","304,20","482,15","559,45","758,70","775,85","574,10","815,05","336,00","599,05","718,30","1.064,60"
30 kg,"156,45","311,35","494,50","573,15","791,30","808,05","593,25","850,05","343,35","618,20","757,45","1.131,80"
35 kg,"162,00","331,90","549,55","618,70","878,00","898,50","636,80","941,70","364,35","699,85","858,10","1.297,50"
40 kg,"167,55","352,35","604,45","663,95","964,60","988,90","679,85","1.033,15","385,30","781,45","958,85","1.462,85"
45 kg,"173,20","372,75","659,40","709,35","1.051,40","1.079,45","723,20","1.124,80","406,15","862,85","1.059,50","1.628,40"
50 kg,"178,75","393,35","714,40","754,65","1.137,90","1.170,10","766,25","1.216,25","427,20","944,60","1.160,20","1.794,05"
55 kg,"184,25","413,65","769,25","800,10","1.224,65","1.260,45","809,50","1.307,80","448,00","1.025,90","1.260,90","1.959,55"
60 kg,"189,75","434,15","824,25","845,40","1.311,30","1.351,15","852,80","1.399,40","468,95","1.107,45","1.361,55","2.125,05"
65 kg,"195,25","454,60","879,15","890,70","1.398,00","1.441,35","896,10","1.491,00","489,85","1.188,90","1.462,20","2.290,55"
70 kg,"200,85","475,10","934,10","936,20","1.484,75","1.532,00","939,45","1.582,45","510,85","1.270,50","1.562,90","2.456,00"
Meer dan 70 kg,,,,,,,,,,,,
Prijs per kg,"2,86","6,78","13,34","13,37","21,21","21,88","13,42","22,60","7,29","18,15","22,32","35,08"
Minimumtarief,"200,85","475,10","934,10","936,20","1.484,75","1.532,00","939,45","1.582,45","510,85","1.270,50","1.562,90","2.456,00"
UPS Express Envelopes,,,,,,,,,,,,
zone,2,3,4,5,51,52,6,7,753,8,9,10
EUR,"48,70","65,25","65,70","83,95","84,30","84,65","79,50","82,50","66,75","59,25","73,50","79,45"
"Documenten van maximaal 2,5 kg behalve UPS Express Envelopes",,,,,,,,,,,,
Gewicht,,,,,,,,,,,,
"0,5 kg","51,70","82,00","82,05","133,00","140,10","140,60","115,90","120,70","83,85","86,70","96,00","113,70"
"1,0 kg","53,15","92,65","96,05","145,35","158,85","160,45","131,25","138,10","94,75","102,95","114,05","137,00"
"1,5 kg","54,65","97,15","110,70","158,50","176,20","178,30","146,65","155,95","99,35","119,65","132,20","160,20"
"2,0 kg","56,25","101,45","123,80","174,20","193,40","196,10","160,15","174,45","103,75","135,05","150,10","182,70"
"2,5 kg","57,75","105,55","138,30","190,10","208,85","214,00","172,10","192,95","108,00","149,60","168,10","205,90"
"Documenten van meer dan 2,5 kg en pakketten",,,,,,,,,,,,
zone,2,3,4,5,51,52,6,7,753,8,9,10
Gewicht,,,,,,,,,,,,
"0,5 kg","51,70","82,00","82,05","133,00","140,10","140,60","140,20","149,50","108,70","91,20","98,40","124,65"
"1,0 kg","53,15","92,65","96,05","145,35","158,85","160,45","159,00","168,40","119,60","107,50","117,05","148,00"
"1,5 kg","54,65","97,15","110,70","158,50","176,20","178,30","174,10","186,00","124,20","123,85","135,30","171,15"
"2,0 kg","56,25","101,45","123,80","174,20","193,40","196,10","187,10","204,55","128,60","140,30","154,00","193,35"
"2,5 kg","57,75","105,55","138,30","190,10","208,85","214,00","198,20","220,85","132,80","156,85","172,50","216,55"
"3,0 kg","58,80","108,90","147,35","201,95","215,90","223,40","211,35","233,20","136,25","165,40","182,65","239,55"
"3,5 kg","60,10","112,10","156,40","215,85","231,75","241,15","223,55","251,85","139,50","174,15","193,20","252,90"
"4,0 kg","61,50","115,55","165,40","229,50","247,60","258,45","237,75","270,35","143,05","182,85","203,75","275,20"
"4,5 kg","62,45","119,30","174,45","243,40","263,25","275,55","251,80","287,25","146,90","191,75","214,25","297,55"
"5,0 kg","63,55","122,50","174,50","257,25","279,20","292,75","266,10","300,85","150,15","200,45","224,40","309,40"
"5,5 kg","64,60","125,65","182,70","270,15","294,95","307,90","271,00","314,45","153,35","209,15","235,00","317,30"
"6,0 kg","65,70","128,95","190,90","283,20","310,75","323,15","276,00","328,10","156,75","217,95","245,40","318,85"
"6,5 kg","66,80","132,00","199,30","295,85","326,50","338,30","280,90","343,60","159,85","226,70","255,90","336,45"
"7,0 kg","68,00","135,05","207,45","308,80","342,45","353,50","285,75","359,00","163,00","235,35","266,35","353,85"
"7,5 kg","69,05","138,35","216,00","321,70","358,10","368,70","290,70","374,55","166,35","244,25","276,65","371,30"
"8,0 kg","70,30","141,45","224,35","327,95","373,95","383,85","295,75","384,95","169,50","253,00","287,25","388,70"
"8,5 kg","71,50","143,25","232,75","334,50","390,20","399,05","300,60","395,20","171,40","261,75","297,55","406,20"
"9,0 kg","72,55","146,40","241,15","340,65","406,15","414,40","305,60","405,85","174,60","270,30","308,15","423,75"
"9,5 kg","73,70","149,60","249,55","347,05","416,75","427,40","310,65","416,20","177,85","279,15","318,65","441,15"
10 kg,"74,90","153,10","257,95","356,25","427,40","438,15","315,55","426,60","181,45","288,00","329,05","458,65"
11 kg,"76,65","159,50","259,55","362,35","441,85","453,40","325,35","444,70","187,95","298,00","337,80","496,40"
12 kg,"78,30","165,85","269,65","368,55","456,15","468,60","335,10","462,55","194,50","317,35","357,05","533,95"
13 kg,"80,10","172,25","279,60","376,10","470,70","483,80","344,90","480,45","201,00","336,60","376,35","571,65"
14 kg,"81,75","178,45","289,65","383,65","485,05","499,00","355,20","498,50","207,40","355,95","395,55","609,25"
15 kg,"83,35","184,45","299,55","391,25","499,50","514,30","365,90","516,40","213,50","375,35","415,00","612,85"
16 kg,"84,90","190,50","309,55","398,75","513,90","529,60","376,85","534,35","219,70","394,70","434,20","648,60"
17 kg,"86,60","196,55","319,55","406,35","528,40","544,70","387,50","552,35","225,90","413,85","453,20","684,25"
18 kg,"88,15","202,65","329,50","413,85","541,70","560,00","398,50","570,25","232,10","433,40","472,60","719,90"
19 kg,"89,70","208,65","339,55","421,55","554,60","575,15","409,10","588,15","238,25","452,65","491,80","755,45"
20 kg,"91,20","214,70","351,20","428,95","567,65","590,50","420,05","606,10","244,45","472,05","511,25","791,15"
22 kg,"93,65","224,55","364,45","445,25","603,70","625,65","442,65","644,10","254,50","493,75","553,35","819,15"
24 kg,"95,60","233,30","377,30","459,50","637,30","657,85","463,35","678,95","263,45","513,15","593,15","887,75"
26 kg,"97,60","241,90","396,55","473,70","670,90","690,00","483,80","713,90","272,30","532,55","632,85","955,95"
28 kg,"99,35","250,70","415,95","488,25","704,25","722,40","504,55","749,00","281,25","552,05","672,70","1.024,45"
30 kg,"101,30","256,80","435,20","502,25","737,65","754,60","525,10","784,00","287,55","571,35","712,35","1.092,70"
35 kg,"106,75","276,75","485,45","549,25","824,05","845,35","569,90","873,85","307,90","654,30","814,55","1.261,10"
40 kg,"112,50","296,60","535,75","596,20","910,35","936,05","614,65","963,90","328,25","737,15","917,00","1.429,30"
45 kg,"117,90","316,65","586,15","642,90","998,40","1.026,60","659,30","1.053,95","348,75","820,10","1.019,50","1.597,60"
50 kg,"123,50","336,60","636,15","689,85","1.085,20","1.117,40","704,15","1.143,85","369,10","903,05","1.121,75","1.765,95"
55 kg,"128,65","356,45","686,35","736,80","1.172,10","1.207,90","748,80","1.234,05","389,45","985,85","1.224,10","1.934,15"
60 kg,"133,75","376,40","736,80","783,45","1.258,75","1.298,55","793,55","1.323,90","409,85","1.068,65","1.326,50","2.102,55"
65 kg,"139,00","396,30","786,90","830,40","1.345,75","1.389,25","837,35","1.413,85","430,20","1.151,50","1.428,85","2.270,70"
70 kg,"144,15","416,05","837,15","877,25","1.432,45","1.479,90","880,45","1.503,90","450,45","1.234,55","1.531,30","2.438,90"
Meer dan 70 kg,,,,,,,,,,,,
Prijs per kg,"2,05","5,94","11,95","12,53","20,46","21,14","12,57","21,48","6,43","17,63","21,87","34,84"
Minimumtarief,"144,15","416,05","837,15","877,25","1.432,45","1.479,90","880,45","1.503,90","450,45","1.234,55","1.531,30","2.438,90"
UPS Express Envelopes,,,,,,,,,,,,
zone,2,3,4,5,51,52,6,7,753,8,9,10
EUR,"45,10","60,35","60,85","78,60","78,90","78,95","73,65","76,40","61,70","55,40","68,95","74,95"
"Documenten van maximaal 2,5 kg behalve UPS Express Envelopes",,,,,,,,,,,,
Gewicht,,,,,,,,,,,,
"0,5 kg","47,90","75,85","75,90","123,15","129,80","132,00","107,30","111,80","77,60","81,70","89,80","106,50"
"1,0 kg","49,25","85,90","88,85","134,65","147,40","149,80","121,55","131,70","87,85","97,25","106,70","128,30"
"1,5 kg","50,55","89,95","102,50","143,45","165,00","168,35","135,85","144,25","92,00","112,70","123,80","149,90"
"2,0 kg","51,95","93,90","114,60","158,70","182,65","186,75","148,30","161,50","96,05","126,00","140,70","170,75"
"2,5 kg","53,35","97,85","127,95","174,15","198,55","205,05","159,40","178,65","100,05","139,35","157,60","189,00"
"Documenten van meer dan 2,5 kg en pakketten",,,,,,,,,,,,
zone,2,3,4,5,51,52,6,7,753,8,9,10
Gewicht,,,,,,,,,,,,
"0,5 kg","47,90","75,85","75,90","123,15","129,80","132,00","131,85","135,05","102,40","85,65","92,15","116,75"
"1,0 kg","49,25","85,90","88,85","134,65","147,40","149,80","146,25","153,60","112,70","101,25","109,80","138,60"
"1,5 kg","50,55","89,95","102,50","143,45","165,00","168,35","160,75","172,05","116,80","116,65","127,25","160,45"
"2,0 kg","51,95","93,90","114,60","158,70","182,65","186,75","175,60","190,55","120,90","132,40","145,05","181,45"
"2,5 kg","53,35","97,85","127,95","174,15","198,55","205,05","189,55","199,05","124,90","147,95","162,60","203,25"
"3,0 kg","54,40","100,75","136,30","187,00","199,90","206,85","195,80","215,95","127,90","156,00","172,20","224,40"
"3,5 kg","55,55","103,75","144,80","199,80","214,60","223,30","205,25","233,25","130,95","164,05","182,05","236,80"
"4,0 kg","56,90","107,00","153,15","212,50","229,25","239,30","215,80","250,40","134,25","172,30","191,90","257,35"
"4,5 kg","58,25","110,45","161,50","225,40","243,70","255,20","227,65","266,00","137,80","180,60","201,85","278,00"
"5,0 kg","59,45","113,40","161,60","238,20","258,55","271,10","240,55","278,65","140,85","188,85","211,50","288,90"
"5,5 kg","60,60","116,30","162,20","250,05","273,10","285,10","245,10","291,25","143,80","197,05","221,35","292,40"
"6,0 kg","61,75","119,35","169,85","262,10","287,75","299,25","249,70","303,90","146,95","205,20","231,00","294,75"
"6,5 kg","62,90","122,30","177,65","273,95","302,25","313,25","254,40","318,15","149,95","213,40","240,65","311,45"
"7,0 kg","63,95","125,15","185,40","285,80","316,95","327,35","258,95","332,45","152,80","221,65","250,35","328,20"
"7,5 kg","65,25","128,00","193,15","297,80","331,60","341,30","263,70","346,75","155,75","229,95","260,00","344,70"
"8,0 kg","66,20","131,05","200,85","303,80","346,35","355,40","268,40","356,35","158,85","238,15","269,65","361,05"
"8,5 kg","67,40","132,65","208,55","309,60","361,20","369,45","273,45","365,95","160,50","246,45","279,40","377,60"
"9,0 kg","68,55","135,55","216,30","315,45","376,10","383,65","278,25","375,90","163,45","254,50","289,00","393,95"
"9,5 kg","69,65","138,55","223,90","321,35","390,90","397,70","283,45","385,30","166,55","262,95","298,70","410,00"
10 kg,"70,75","141,70","231,65","327,30","405,85","411,80","288,55","395,05","169,80","270,95","308,50","425,65"
11 kg,"72,15","147,60","239,75","334,35","417,80","425,45","298,70","411,75","175,85","280,45","316,40","462,50"
12 kg,"73,70","153,55","247,70","341,15","429,60","439,15","308,65","428,35","181,85","298,70","334,10","499,20"
13 kg,"75,20","159,60","255,75","348,15","441,65","452,85","318,70","444,90","188,10","316,90","352,10","536,05"
14 kg,"76,55","165,15","263,90","355,25","453,80","466,55","328,95","461,50","193,75","335,10","369,95","572,85"
15 kg,"78,05","170,70","271,85","362,30","465,70","480,10","338,75","478,10","199,40","353,45","387,60","576,85"
16 kg,"79,35","176,40","279,90","369,20","477,70","493,90","348,85","494,85","205,25","371,55","405,55","610,95"
17 kg,"80,85","182,10","287,95","376,25","489,65","507,50","358,90","511,45","211,10","389,85","423,40","645,20"
18 kg,"82,35","187,55","295,85","383,30","501,55","521,20","368,95","527,95","216,70","408,00","441,15","679,20"
19 kg,"83,80","193,20","303,95","390,30","513,55","535,05","378,90","544,55","222,50","426,20","458,95","713,70"
20 kg,"85,15","198,85","312,05","397,30","525,60","548,80","389,00","561,20","228,25","444,50","476,90","748,35"
22 kg,"87,50","207,90","331,35","412,30","559,05","583,40","409,85","596,45","237,50","464,95","516,65","774,30"
24 kg,"89,45","216,00","349,30","425,55","590,20","615,40","429,05","628,65","245,80","483,30","554,15","838,45"
26 kg,"91,40","224,10","367,10","438,65","621,10","647,40","447,95","661,05","254,05","501,70","591,55","902,30"
28 kg,"93,45","232,20","385,15","452,05","652,05","679,40","467,05","693,45","262,35","519,95","629,10","966,30"
30 kg,"95,30","237,80","403,15","465,00","683,05","711,30","486,25","725,90","268,05","541,00","666,60","1.030,45"
35 kg,"100,15","256,20","449,55","508,65","763,05","793,55","527,60","809,20","286,90","614,75","761,05","1.191,70"
40 kg,"104,95","274,60","496,10","551,95","842,95","875,90","569,05","892,60","305,70","692,60","855,55","1.353,25"
45 kg,"109,45","293,15","542,70","595,25","934,10","958,25","610,40","975,80","324,70","770,30","950,10","1.514,55"
50 kg,"114,40","311,70","589,05","638,80","1.025,50","1.040,50","652,00","1.059,10","343,65","848,15","1.044,75","1.675,90"
55 kg,"119,10","330,00","635,50","682,10","1.116,55","1.126,85","693,30","1.142,55","362,40","926,00","1.139,20","1.837,40"
60 kg,"123,80","348,40","682,10","725,30","1.207,80","1.221,40","734,90","1.225,80","381,20","1.003,85","1.233,70","1.997,45"
65 kg,"128,70","366,85","728,60","768,95","1.299,20","1.316,05","776,15","1.309,05","400,10","1.081,60","1.328,15","2.157,45"
70 kg,"133,50","385,20","775,15","812,20","1.390,55","1.410,65","817,70","1.392,45","418,90","1.159,35","1.422,55","2.317,65"
Meer dan 70 kg,,,,,,,,,,,,
Prijs per kg,"1,90","5,50","11,07","11,60","19,86","20,15","11,68","19,89","5,98","16,56","20,32","33,10"
Minimumtarief,"133,50","385,20","775,15","812,20","1.390,55","1.410,65","817,70","1.392,45","418,90","1.159,35","1.422,55","2.317,65"
Eén-pakketzendingen,,,,,,
zone,2,3,4,41,5,754
EUR,,,,,,
Gewicht,,,,,,
1 kg,"19,75","31,30","81,25","105,45","124,30","105,10"
2 kg,"20,10","35,20","89,70","114,65","131,60","113,55"
3 kg,"20,55","39,35","97,60","126,50","139,00","121,45"
4 kg,"20,90","43,25","106,15","137,35","146,50","130,00"
5 kg,"21,40","47,20","112,30","148,10","153,85","136,15"
6 kg,"22,20","50,85","118,45","153,00","159,60","142,30"
7 kg,"22,90","54,75","124,60","157,65","165,45","148,45"
8 kg,"23,60","58,60","129,05","162,75","171,10","152,90"
9 kg,"24,45","62,50","133,10","167,65","173,70","156,95"
10 kg,"25,20","66,40","137,60","172,40","175,80","161,45"
12 kg,"26,70","71,90","147,20","177,25","187,35","171,05"
14 kg,"28,05","77,70","153,55","182,15","191,80","177,40"
16 kg,"29,65","83,65","159,85","186,95","196,50","183,70"
18 kg,"31,05","89,75","166,25","191,80","201,05","190,10"
20 kg,"32,50","95,85","172,70","196,65","205,75","196,55"
22 kg,"34,00","102,10","177,90","205,15","210,55","201,75"
24 kg,"36,00","108,20","183,00","213,45","215,05","206,85"
26 kg,"37,70","114,20","188,20","221,70","219,55","212,05"
28 kg,"39,25","120,30","193,45","230,05","224,30","217,30"
30 kg,"40,75","126,40","198,45","238,15","228,90","222,30"
32 kg,"43,55","132,00","206,75","244,90","233,85","230,60"
34 kg,"46,40","137,60","215,05","251,40","238,75","238,90"
36 kg,"49,20","143,35","223,50","258,05","243,70","247,35"
38 kg,"52,10","148,85","231,80","264,55","248,70","255,65"
40 kg,"55,25","154,65","240,10","271,15","253,60","263,95"
42 kg,"58,30","160,10","248,55","280,45","258,60","272,40"
44 kg,"61,55","165,75","256,70","289,60","263,55","280,55"
46 kg,"64,75","171,30","265,15","298,95","268,40","289,00"
48 kg,"67,90","177,00","273,45","308,10","273,35","297,30"
50 kg,"71,15","182,65","281,80","317,40","278,25","305,65"
55 kg,"74,25","191,55","291,80","327,05","291,30","315,65"
60 kg,"77,60","200,25","301,85","336,70","304,30","325,70"
65 kg,"80,65","209,20","311,65","346,30","317,20","335,50"
70 kg,"83,80","217,80","321,80","355,75","330,25","345,65"
Multi-pakketzendingen,,,,,,
zone,2,3,4,41,5,754
Gewicht,,,,,,
5 kg,"31,70","60,25","112,30","149,90","154,75","136,15"
10 kg,"35,50","88,80","140,85","172,90","176,70","164,70"
15 kg,"39,35","105,05","160,95","195,45","197,15","184,80"
20 kg,"43,25","120,90","175,65","218,10","216,75","199,50"
25 kg,"47,40","136,85","190,35","241,35","239,55","214,20"
30 kg,"51,55","146,65","209,05","261,05","256,35","232,90"
40 kg,"55,60","156,50","240,70","280,95","273,20","264,55"
50 kg,"71,55","182,70","281,90","318,40","288,90","305,75"
60 kg,"78,00","200,75","303,00","337,55","304,65","326,85"
70 kg,"84,30","218,70","322,00","356,80","330,80","345,85"
80 kg,"84,75","219,65","325,10","372,40","335,60","348,95"
90 kg,"86,40","220,50","333,90","396,35","351,45","357,75"
100 kg,"87,65","221,20","338,60","420,30","367,30","362,45"
120 kg,"89,35","241,30","383,85","464,95","440,65","407,70"
140 kg,"99,10","261,25","428,85","509,60","509,85","452,70"
160 kg,"108,80","281,40","473,95","560,75","578,95","497,80"
180 kg,"118,50","301,30","519,05","611,95","648,15","542,90"
200 kg,"128,15","321,60","564,20","659,85","717,05","588,05"
Meer dan 200 kg,,,,,,
Prijs per kg,"0,64","1,60","2,82","3,29","3,58","2,94"
Minimumtarief,"128,15","321,60","564,20","659,85","717,05","588,05"
Pakketten,,,,
zone,2,3,4,5
EUR,,,,
Gewicht,,,,
1 kg,"129,05","95,75","100,35","126,40"
2 kg,"156,70","119,90","126,70","165,15"
3 kg,"184,35","143,50","152,40","203,20"
4 kg,"212,05","163,60","171,10","241,80"
5 kg,"239,65","180,55","190,00","277,80"
6 kg,"256,95","197,05","207,40","292,35"
7 kg,"271,25","212,25","224,85","328,05"
8 kg,"285,35","227,55","242,25","361,05"
9 kg,"297,45","242,45","259,70","393,80"
10 kg,"309,15","257,70","277,20","425,65"
11 kg,"317,20","267,90","289,90","454,30"
12 kg,"325,50","278,00","302,90","495,15"
13 kg,"333,80","288,15","315,60","518,90"
14 kg,"341,95","298,25","328,50","542,60"
15 kg,"350,25","308,50","341,30","566,25"
16 kg,"358,50","318,65","353,95","586,25"
17 kg,"366,75","328,80","366,95","606,25"
18 kg,"374,90","339,10","379,80","626,40"
19 kg,"383,10","349,00","392,55","646,45"
20 kg,"391,50","359,25","405,50","666,35"
21 kg,"400,15","369,95","418,75","685,40"
22 kg,"408,65","380,05","431,55","703,80"
23 kg,"417,25","390,20","444,35","722,10"
24 kg,"425,95","400,40","457,10","740,55"
25 kg,"434,15","410,55","469,90","758,90"
26 kg,"441,95","418,90","482,45","777,95"
27 kg,"449,80","427,35","495,20","796,85"
28 kg,"457,50","435,80","507,80","815,95"
29 kg,"465,45","444,05","520,35","835,00"
30 kg,"473,15","452,45","533,20","854,00"
31 kg,"490,40","460,90","549,40","873,15"
32 kg,"498,25","469,35","558,50","892,05"
33 kg,"506,40","477,65","571,15","911,05"
34 kg,"514,30","486,15","583,85","930,00"
35 kg,"522,25","494,50","596,30","949,15"
40 kg,"560,65","538,15","661,55","1.037,30"
45 kg,"598,75","579,00","726,60","1.125,55"
50 kg,"636,95","619,80","791,60","1.213,75"
55 kg,"675,10","671,35","856,70","1.327,20"
60 kg,"713,40","712,95","921,65","1.417,35"
65 kg,"751,60","754,40","986,75","1.507,15"
70 kg,"789,85","795,80","1.051,70","1.597,30"
75 kg,"828,05","837,35","1.116,80","1.687,10"
80 kg,"866,45","878,80","1.189,70","1.777,20"
85 kg,"904,80","920,20","1.255,20","1.867,15"
90 kg,"943,10","961,60","1.320,55","1.956,90"
95 kg,"981,65","1.003,15","1.386,15","2.046,85"
100 kg,"1.019,80","1.044,70","1.451,70","2.136,80"
Meer dan 100 kg,,,,
Prijs per kg,"10,19","10,44","14,51","21,36"
Minimumtarief,"1.019,80","1.044,70","1.451,70","2.136,80"
UPS Worldwide Express Freight,,,,,,,,,,,
zone,2,3,4,5,51,52,6,7,8,9,10
EUR,,,,,,,,,,,
Minimumtarief,"262,00","407,55","822,20","861,25","1.476,80","1.498,10","868,35","1.478,95","1.231,15","1.510,90","2.463,70"
Gewicht,,,,,,,,,,,
71 - 99 kg,,,,,,,,,,,
Prijs per kg,"3,69","5,74","11,58","12,13","20,80","21,10","12,23","20,83","17,34","21,28","34,70"
"",,,,,,,,,,,
100 - 299 kg,,,,,,,,,,,
Prijs per kg,"3,63","5,61","11,32","11,85","20,34","20,68","11,91","20,38","16,96","19,54","33,96"
"",,,,,,,,,,,
300 - 499 kg,,,,,,,,,,,
Prijs per kg,"3,61","5,50","11,09","11,63","19,96","20,25","11,72","19,99","16,60","19,37","33,27"
"",,,,,,,,,,,
500 - 999 kg,,,,,,,,,,,
Prijs per kg,"3,55","5,37","10,88","11,37","19,55","19,83","11,45","19,57","16,29","18,64","32,61"
"",,,,,,,,,,,
1000 kg of meer,,,,,,,,,,,
Prijs per kg,"3,49","5,25","10,64","11,15","19,16","19,41","11,23","19,17","15,97","17,91","31,98"
Worldwide Express Freight Midday,,,,,,,,,,,
zone,2,3,4,5,51,52,6,7,8,9,10
EUR,,,,,,,,,,,
Minimumtarief,"359,45","503,55","929,10","973,65","1.668,80","1.693,30","981,10","1.671,00","1.391,05","1.708,00","2.783,90"
Gewicht,,,,,,,,,,,
71 - 99 kg,,,,,,,,,,,
Prijs per kg,"5,06","7,09","13,09","13,71","23,50","23,85","13,82","23,54","19,59","24,06","39,21"
"",,,,,,,,,,,
100 - 299 kg,,,,,,,,,,,
Prijs per kg,"4,98","6,98","12,79","13,39","22,98","23,36","13,47","23,03","19,15","22,07","38,36"
"",,,,,,,,,,,
300 - 499 kg,,,,,,,,,,,
Prijs per kg,"4,95","6,84","12,52","13,14","22,53","22,89","13,24","22,57","18,75","21,90","37,60"
"",,,,,,,,,,,
500 - 999 kg,,,,,,,,,,,
Prijs per kg,"4,91","6,74","12,29","12,86","22,07","22,42","12,92","22,12","18,41","21,06","36,84"
"",,,,,,,,,,,
1000 kg of meer,,,,,,,,,,,
Prijs per kg,"4,85","6,60","12,03","12,61","21,66","21,95","12,69","21,68","18,03","20,23","36,12"
